,loss_list,val_acc_list,train_acc_list
0,43.295931239583574,70.20744813796551,57.36434108527132
