,loss_list,val_acc_list,train_acc_list
0,42.961607618510115,73.30667333166708,55.03875968992248
