,loss_list,val_acc_list,train_acc_list
0,43.66779172525462,50.275,50.0
1,44.24259878786866,49.725,53.90625
