,loss_list,val_acc_list,train_acc_list
0,43.53277085529432,49.91252186953262,55.81395348837209
