,loss_list,val_acc_list,train_acc_list
0,43.4947231440004,50.387403149212695,49.6124031007752
