,loss_list,val_acc_list,train_acc_list
0,43.66779172525462,50.275,48.4375
1,43.658468566378396,50.275,57.03125
