,loss_list,val_acc_list,train_acc_list
0,43.53878252912066,55.061234691327165,53.48837209302326
