,loss_list,val_acc_list,train_acc_list
0,43.41625812101224,58.33541614596351,62.01550387596899
