,loss_list,val_acc_list,train_acc_list
0,43.35633238125825,59.585103724068986,67.44186046511628
