,loss_list,val_acc_list,train_acc_list
0,43.241535868311765,68.03299175206199,58.91472868217054
